language,Description,Title
arabic,"- **🌍 عوالم مشتركة أكثر منطقية بشكل ملحوظ**
  - لقد قمت بتحسين الاستمرارية عندما يشارك العديد من الشخصيات نفس العالم. الآن، يعيد استخدام اللعبة بشكل أفضل للأماكن الصالحة بالفعل ويترك مجالًا أقل لاختراع ""نفس المنطقة، ولكن باسم مختلف وقبعة مختلفة"".
  - قمت أيضًا بتصحيح معلومات الموقع في المحدد وفي الملف الشخصي، بحيث تعرض كل شخصية موقعها الفعلي وليس موقعًا مستعارًا من الجيران.
- **👥 شخصيات غير قابلة للعب (NPCs) أكثر اتساقًا وأقل ميلًا للانقسام**
  - لقد عززت المنطق بحيث تعود شخصية غير قابلة للعب موجودة للظهور كذاتها عندما يحين الوقت، بدلاً من إعادة اختراع نفسها باسم آخر أو بوجه آخر أو ببطاقة جديدة تظهر من العدم.
  - علاوة على ذلك، العداء الذي تسببه شخصية لم يعد من المفترض أن يلوث جميع الآخرين بالسحر. إذا غضب كايلين منك، فالفكرة هي أن يغضب منك... وليس من الجنس البشري بأكمله.
- **🎬 بداية اللعبة والاستكشاف مع قدر أقل من الدراما الغريبة**
  - لقد قمت بتصحيح حالات متعددة حيث ألمح السرد إلى وجود شخص أمامك، لكن النظام لم يدعمه من الأسفل. الآن هناك عدد أقل من البائعين الوهميين، وعدد أقل من المتحدثين الذين يتبخرون، وعدد أقل من المشاهد التي تبدو وكأنها مسرحية تجريبية بميزانية محدودة.
  - قللت أيضًا من الحالات التي كانت فيها الذكاء الاصطناعي يضع هدايا أو مخزونًا أو عناصر سردية في أماكن غير مناسبة، خاصة عند الوصول والمشاهد الأولى.
- **⚔️ قتال وقرارات مع عدد أقل من التعثرات**
  - لقد عززت الاستمرارية بين الاستكشاف والقتال بحيث يعتمد الدخول في معركة بشكل أفضل على الشخصيات غير القابلة للعب الموجودة بالفعل وليس على دخان السرد.
  - قمت أيضًا بتصحيح حالات تعثر متعددة حيث استمر المشهد، لكن الواجهة وقعت في قرارات ضعيفة أو عامة. عدد أقل من ""متابعة"" لمجرد السبب، والمزيد من الخيارات ذات النية الحقيقية.
- **🧬 إنشاء شخصية وإعدادات أكثر موثوقية**
  - أصبح إنشاء الشخصية العشوائي أكثر استقرارًا ويعيد احترام تنسيق السيرة الذاتية الذي تتوقعه اللعبة بشكل أفضل.
  - لقد قمت بتعديل العديد من التناقضات في الإعدادات والموارد حتى لا تختلط السايبربانك، والفانتازيا، ومشتقاتها كما لو أن حانة القرون الوسطى وغرفة عمليات سرية قررت استئجار نفس المكان.",عوالم مشتركة، بدء تشغيل، وقتال أكثر اتساقًا
bulgarian,"- **🌍 Доста по-смислени споделени светове**
  - Подобрих последователността, когато няколко героя споделят един и същ свят. Сега играта по-добре използва повторно вече валидни места и оставя по-малко място за измисляне на „същата зона, но с друго име и друга шапка“.
  - Коригирах и информацията за местоположението в селектора и в досието, така че всеки герой да показва реалното си местоположение, а не заето от съседа.
- **👥 По-последователни и по-малко раздвояващи се NPC**
  - Подсилих логиката, така че вече съществуващ NPC да се появява отново като себе си, когато е уместно, вместо да се преоткрива с друго име, друго лице или нова карта, изплувала от мъглата.
  - Освен това, вражда, предизвикана от един герой, вече не би трябвало да заразява всички останали по магически път. Ако Каелън ти се ядоса, идеята е той да ти се ядоса на теб... а не на целия човешки род.
- **🎬 Въвеждане в игра и изследване с по-малко странен театър**
  - Коригирах няколко случая, в които наративът подсказваше, че някой е пред теб, но системата не го подкрепяше отдолу. Сега има по-малко призрачни търговци, по-малко изпаряващи се събеседници и по-малко сцени, които приличат на експериментална пиеса без бюджет.
  - Също така намалих случаите, в които AI е вмъквал подаръци, стоки или наративни предмети, където не им е мястото, особено при влизания и първи сцени.
- **⚔️ Битки и решения с по-малко спънки**
  - Подсилих последователността между изследване и битка, така че влизането в бой да зависи по-добре от реално присъстващи NPC, а не от наративен дим.
  - Коригирах и няколко заклещвания, при които сцената продължаваше да е активна, но интерфейсът попадаше в лоши или общи решения. По-малко „Продължи“ ей така, повече опции с реално намерение.
- **🧬 Създаване на герои и по-надеждни обстановки**
  - Случайното създаване на герои отново е по-стабилно и по-добре спазва биографичния формат, който играта очаква.
  - Нагласих няколко несъответствия в обстановката и ресурсите, така че киберпънк, фентъзи и техните производни да не се смесват, сякаш средновековна таверна и подполен хирургически кабинет са решили да наемат едно и също място.","Споделени светове, по-последователно въвеждане и битки"
czech,"- **🌍 Sdílené světy mnohem rozumnější**
  - Vylepšil jsem kontinuitu, když více postav sdílí stejný svět. Hra nyní lépe znovu používá již platná místa a ponechává méně prostoru pro vymýšlení „stejné oblasti, ale s jiným názvem a jiným kloboukem“.
  - Opravil jsem také informace o poloze v selektoru a na kartě, aby každá postava zobrazovala svou skutečnou polohu, nikoli půjčenou od souseda.
- **👥 Soudržnější NPC a méně náchylní k rozštěpení osobnosti**
  - Posílil jsem logiku, aby se již existující NPC vrátil jako sám sebou, když má, místo aby se vymýšlel s jiným jménem, jinou tváří nebo novou kartou vyšlou z mlhy.
  - Navíc nepřátelství vyvolané postavou by již nemělo magicky kontaminovat všechny ostatní. Pokud se na vás Kaelen naštve, je záměr, aby se naštval na vás... ne na celý lidský rod.
- **🎬 Nástupy do hry a průzkum s menším podivným divadlem**
  - Opravil jsem několik případů, kdy vyprávění naznačovalo, že před vámi někdo stojí, ale systém to zespodu nepodporoval. Nyní je méně přízračných prodejců, méně mizících mluvčích a méně scén, které vypadají jako nízkorozpočtová experimentální hra.
  - Také jsem snížil počet případů, kdy AI vkládala dárky, zásoby nebo narativní předměty tam, kam neměla, zejména při příchodech a v prvních scénách.
- **⚔️ Boj a rozhodnutí s menším počtem zakopnutí**
  - Posílil jsem kontinuitu mezi průzkumem a bojem, takže vstup do boje lépe závisí na skutečně přítomných NPC a ne na narativním kouři.
  - Opravil jsem také několik záseků, kde scéna běžela dál, ale rozhraní upadlo do špatných nebo obecných rozhodnutí. Méně „Pokračovat“ jen tak, více možností se skutečným záměrem.
- **🧬 Spolehlivější tvorba postav a prostředí**
  - Náhodná tvorba postav je opět stabilnější a lépe respektuje biografický formát, který hra očekává.
  - Upravil jsem několik nesrovnalostí v prostředí a zdrojích, aby se kyberpunk, fantasy a jejich odvozeniny nemíchaly, jako by se středověká krčma a ilegální operační sál rozhodly pronajmout si stejný prostor.","Sdílené světy, nástup a boj soudržnější"
danish,"- **🌍 Fælles verdener, der giver meget mere mening**
  - Jeg har forbedret kontinuiteten, når flere karakterer deler den samme verden. Spillet genbruger nu bedre eksisterende steder og giver mindre spillerum for at opfinde ""det samme område, men med et andet navn og en anden hat"".
  - Jeg har også rettet op på placeringsinformationen i vælgeren og på karakterkortet, så hver karakter viser sin faktiske placering og ikke en lånt fra naboen.
- **👥 Mere sammenhængende NPC'er og mindre tilbøjelige til at fordoble sig**
  - Jeg har styrket logikken, så en eksisterende NPC dukker op igen som sig selv, når det er meningen, i stedet for at opfinde sig selv med et andet navn, et andet ansigt eller et nyt kort ud af det blå.
  - Desuden bør en fjendtlighed fremprovokeret af én karakter ikke længere smitte alle andre som ved et trylleslag. Hvis Kaelen bliver vred på dig, er meningen, at han bliver vred på dig... ikke på hele menneskeheden.
- **🎬 Startscener og udforskning med mindre underlig teater**
  - Jeg har rettet flere tilfælde, hvor fortællingen antydede, at nogen stod foran dig, men systemet ikke understøttede det. Nu er der færre spøgelsesforhandlere, færre forsvindende samtalepartnere og færre scener, der ligner et eksperimentelt teaterstykke uden budget.
  - Jeg har også reduceret tilfælde, hvor AI'en placerede gaver, inventar eller narrative genstande, hvor de ikke hørte hjemme, især ved ankomster og indledende scener.
- **⚔️ Kamp og beslutninger med færre snublesten**
  - Jeg har styrket kontinuiteten mellem udforskning og kamp, så kampopstart afhænger bedre af faktisk tilstedeværende NPC'er og ikke af narrativ røg.
  - Jeg har også rettet flere fastlåste situationer, hvor scenen fortsatte, men brugergrænsefladen faldt tilbage til dårlige eller generiske valg. Mindre ""Fortsæt"" for ingenting, flere valg med reel hensigt.
- **🧬 Karakteroprettelse og mere pålidelige omgivelser**
  - Tilfældig karakteroprettelse er igen mere stabil og respekterer bedre det biografiske format, spillet forventer.
  - Jeg har justeret flere uoverensstemmelser i omgivelser og ressourcer, så cyberpunk, fantasy og deres derivater ikke blandes, som om en middelalderlig kro og en hemmelig operationsstue havde besluttet at leje samme lokale.","Fælles verdener, onboarding og kamp mere sammenhængende"
german,"- **🌍 Geteilte Welten deutlich sinnvoller**
  - Ich habe die Kontinuität verbessert, wenn mehrere Charaktere dieselbe Welt teilen. Das Spiel verwendet nun bereits gültige Orte besser wieder und lässt weniger Raum für die Erfindung von „derselben Zone, aber mit anderem Namen und anderem Hut“.
  - Außerdem habe ich die Standortinformationen in der Auswahl und im Profil korrigiert, sodass jeder Charakter seinen tatsächlichen Standort anzeigt und nicht den des Nachbarn.
- **👥 Kohärentere und weniger zwiespältige NPCs**
  - Ich habe die Logik verstärkt, damit ein bereits existierender NPC wieder als er selbst erscheint, wenn es an der Zeit ist, anstatt sich mit einem anderen Namen, einem anderen Gesicht oder einer neuen, aus dem Nebel aufgetauchten Karte neu zu erfinden.
  - Darüber hinaus sollte eine durch einen Charakter verursachte Feindschaft nicht mehr magisch alle anderen kontaminieren. Wenn Kaelen sauer auf dich ist, soll er sauer auf dich sein... nicht auf die gesamte menschliche Spezies.
- **🎬 Weniger seltsame theatralische Startsequenzen und Erkundung**
  - Ich habe verschiedene Fälle korrigiert, in denen die Erzählung andeutete, dass jemand vor dir stand, das System dies aber nicht unterstützte. Es gibt nun weniger Geisterverkäufer, weniger verdampfte Gesprächspartner und weniger Szenen, die wie ein experimentelles Theaterstück ohne Budget wirken.
  - Ich habe auch Fälle reduziert, in denen die KI Geschenke, Vorräte oder erzählerische Gegenstände an ungünstigen Stellen platzierte, insbesondere bei Ankünften und in den ersten Szenen.
- **⚔️ Weniger stolpernde Kämpfe und Entscheidungen**
  - Ich habe die Kontinuität zwischen Erkundung und Kampf verstärkt, damit der Kampf besser von tatsächlich vorhandenen NPCs und nicht von erzählerischem Rauch abhängt.
  - Ich habe auch verschiedene Blockaden behoben, bei denen die Szene noch lief, die Benutzeroberfläche aber in schlechte oder generische Entscheidungen verfiel. Weniger „Weiter“ um des Weiterseins willen, mehr Optionen mit echter Absicht.
- **🧬 Zuverlässigere Charaktererstellung und Umgebungen**
  - Die zufällige Charaktererstellung ist wieder stabiler und respektiert das vom Spiel erwartete biografische Format besser.
  - Ich habe verschiedene Inkonsistenzen bei Umgebungen und Ressourcen angepasst, damit Cyberpunk, Fantasy und ihre Derivate nicht vermischt werden, als hätten eine mittelalterliche Taverne und ein illegaler Operationssaal beschlossen, denselben Ort zu mieten.","Geteilte Welten, kohärenteres Onboarding und Kampfsystem"
greek,"- **🌍 Σημαντικά πιο λογικοί κοινοί κόσμοι**
  - Βελτίωσα τη συνέπεια όταν πολλοί χαρακτήρες μοιράζονται τον ίδιο κόσμο. Τώρα το παιχνίδι επαναχρησιμοποιεί καλύτερα υπάρχουσες, έγκυρες τοποθεσίες και αφήνει λιγότερα περιθώρια για εφεύρεση «της ίδιας περιοχής, αλλά με άλλο όνομα και άλλο καπέλο».
  - Επίσης, διόρθωσα τις πληροφορίες τοποθεσίας στον επιλογέα και στην κάρτα, ώστε κάθε χαρακτήρας να εμφανίζει την πραγματική του τοποθεσία και όχι αυτή ενός γείτονα.
- **👥 Πιο λογικοί και λιγότερο επιρρεπείς σε διπλοπροσωπίες NPCs**
  - Ενίσχυσα τη λογική ώστε ένας υπάρχων NPC να επανεμφανίζεται ως ο εαυτός του όταν πρέπει, αντί να επινοεί εκ νέου με άλλο όνομα, άλλο πρόσωπο ή νέα κάρτα που ξεπροβάλλει από την ομίχλη.
  - Επιπλέον, μια εχθρότητα που προκλήθηκε από έναν χαρακτήρα δεν θα πρέπει πλέον να μολύνει μαγικά όλους τους άλλους. Αν ο Kaelen θυμώσει μαζί σου, η ιδέα είναι να θυμώσει μαζί σου... όχι με ολόκληρο το ανθρώπινο είδος.
- **🎬 Λιγότερο παράξενες εισαγωγές και εξερευνήσεις**
  - Διόρθωσα διάφορες περιπτώσεις όπου η αφήγηση υπαινισσόταν ότι κάποιος βρισκόταν μπροστά σου, αλλά το σύστημα δεν το υποστήριζε από κάτω. Τώρα υπάρχουν λιγότεροι φανταστικοί πωλητές, λιγότεροι εξαφανιζόμενοι συνομιλητές και λιγότερες σκηνές που μοιάζουν με πειραματικό έργο χωρίς προϋπολογισμό.
  - Επίσης, μείωσα τις περιπτώσεις όπου η AI τοποθετούσε δώρα, αποθέματα ή αφηγηματικά αντικείμενα όπου δεν έπρεπε, ειδικά στις εισόδους και στις πρώτες σκηνές.
- **⚔️ Λιγότερα εμπόδια στη μάχη και στις αποφάσεις**
  - Ενίσχυσα τη συνέχεια μεταξύ εξερεύνησης και μάχης, ώστε η έναρξη μιας μάχης να βασίζεται καλύτερα σε πραγματικά παρόντες NPCs και όχι σε αφηγηματικό καπνό.
  - Επίσης, διόρθωσα διάφορα μπλοκαρίσματα όπου η σκηνή συνέχιζε να είναι ενεργή, αλλά η διεπαφή έπεφτε σε κακές ή γενικές αποφάσεις. Λιγότερο «Συνέχεια» από μόνο του, περισσότερες επιλογές με πραγματική πρόθεση.
- **🧬 Πιο αξιόπιστη δημιουργία χαρακτήρα και ατμόσφαιρες**
  - Η τυχαία δημιουργία χαρακτήρα είναι και πάλι πιο σταθερή και σέβεται καλύτερα τη βιογραφική μορφή που αναμένει το παιχνίδι.
  - Προσάρμοσα διάφορες ασυνέπειες ατμόσφαιρας και πόρων, ώστε το cyberpunk, η φαντασία και τα παράγωγά τους να μην αναμειγνύονται σαν μια μεσαιωνική ταβέρνα και ένα παράνομο χειρουργείο να αποφάσισαν να νοικιάσουν τον ίδιο χώρο.","Κοινότεροι κόσμοι, συνεπέστερη εισαγωγή και μάχη"
english,"- **🌍 Much More Sensible Shared Worlds**
  - I've improved continuity when multiple characters share the same world. The game now reuses valid locations better, leaving less room for inventing ""the same zone, but with a different name and hat.""
  - I've also corrected location information in the selector and character sheet, so each character shows their real location, not one borrowed from their neighbor.
- **👥 More Consistent NPCs and Less Prone to Splitting**
  - I've reinforced the logic so that an existing NPC reappears as themselves when appropriate, instead of reinventing themselves with a new name, face, or a card pulled from the mist.
  - Furthermore, an enmity triggered by one character should no longer magically contaminate all others. If Kaelen gets angry with you, the idea is that they get angry with you... not with the entire human race.
- **🎬 Smoother Starting Scenes and Exploration with Less Weirdness**
  - I've fixed several cases where the narration implied someone was in front of you, but the system didn't support it underneath. There are now fewer ghost vendors, fewer evaporated interlocutors, and fewer scenes that feel like a low-budget experimental play.
  - I've also reduced instances where the AI inserted gifts, stock, or narrative items where they didn't belong, especially during arrivals and initial scenes.
- **⚔️ Combat and Decisions with Fewer Stumbles**
  - I've reinforced continuity between exploration and combat so that entering a fight depends better on actually present NPCs and not narrative smoke.
  - I've also fixed several stalls where the scene remained active, but the interface fell into poor or generic decisions. Less ""Continue"" for the sake of it, more options with real intent.
- **🧬 More Reliable Character Creation and Settings**
  - Random character creation is now more stable and better respects the biographical format the game expects.
  - I've adjusted several inconsistencies in setting and resources so that cyberpunk, fantasy, and their derivatives don't blend as if a medieval tavern and a clandestine operating room had decided to rent the same space.","More Consistent Shared Worlds, Onboarding, and Combat"
spanish,"- **🌍 Mundos compartidos bastante más sensatos**
  - He mejorado la continuidad cuando varios personajes comparten el mismo mundo. Ahora el juego reaprovecha mejor lugares ya válidos y deja menos margen para inventarse “la misma zona, pero con otro nombre y otro sombrero”.
  - También he corregido la información de ubicación en el selector y en la ficha, para que cada personaje muestre su localización real y no una prestada del vecino.
- **👥 PNJs más coherentes y menos dados al desdoblamiento**
  - He reforzado la lógica para que un PNJ ya existente vuelva a aparecer como él mismo cuando toca, en vez de reinventarse con otro nombre, otra cara o una tarjeta nueva salida de la niebla.
  - Además, una enemistad provocada por un personaje ya no debería contaminar a todos los demás por arte de magia. Si Kaelen se enfada contigo, la idea es que se enfade contigo... no con la especie humana entera.
- **🎬 Entradas de partida y exploración con menos teatro raro**
  - He corregido varios casos en los que la narración insinuaba que alguien estaba delante de ti, pero el sistema no lo sostenía por debajo. Ahora hay menos vendedores fantasma, menos interlocutores evaporados y menos escenas que parecen una obra experimental sin presupuesto.
  - También he reducido casos en los que la IA colaba regalos, stock o ítems narrativos donde no tocaba, especialmente en las llegadas y primeras escenas.
- **⚔️ Combate y decisiones con menos tropiezos**
  - He reforzado la continuidad entre exploración y combate para que la entrada en pelea dependa mejor de PNJs realmente presentes y no de humo narrativo.
  - También he corregido varios atascos donde la escena seguía viva, pero la interfaz caía en decisiones pobres o genéricas. Menos “Continuar” porque sí, más opciones con intención real.
- **🧬 Creación de personaje y ambientaciones más fiables**
  - La creación aleatoria de personaje vuelve a ser más estable y respeta mejor el formato biográfico que espera el juego.
  - He ajustado varias incoherencias de ambientación y recursos para que cyberpunk, fantasía y sus derivados no se mezclen como si una taberna medieval y un quirófano clandestino hubieran decidido alquilar el mismo local.","Mundos compartidos, onboarding y combate más coherentes"
latam,"- **🌍 Mundos compartidos mucho más sensatos**
  - He mejorado la continuidad cuando varios personajes comparten el mismo mundo. Ahora el juego reutiliza mejor las ubicaciones ya válidas y deja menos margen para inventarse ""la misma zona, pero con otro nombre y otro sombrero"".
  - También he corregido la información de ubicación en el selector y en la ficha, para que cada personaje muestre su localización real y no una prestada del vecino.
- **👥 PNJs más coherentes y menos dados al desdoblamiento**
  - He reforzado la lógica para que un PNJ ya existente vuelva a aparecer como él mismo cuando corresponde, en lugar de reinventarse con otro nombre, otra cara o una tarjeta nueva salida de la nada.
  - Además, una enemistad provocada por un personaje ya no debería contaminar a todos los demás de forma mágica. Si Kaelen se enfada contigo, la idea es que se enfade contigo... no con la especie humana entera.
- **🎬 Entradas de partida y exploración con menos teatro extraño**
  - He corregido varios casos en los que la narración insinuaba que alguien estaba delante de ti, pero el sistema no lo respaldaba. Ahora hay menos vendedores fantasma, menos interlocutores evaporados y menos escenas que parecen una obra experimental sin presupuesto.
  - También he reducido casos en los que la IA colaba regalos, existencias o elementos narrativos donde no correspondía, especialmente en las llegadas y primeras escenas.
- **⚔️ Combate y decisiones con menos tropiezos**
  - He reforzado la continuidad entre exploración y combate para que la entrada en pelea dependa mejor de PNJs realmente presentes y no de humo narrativo.
  - También he corregido varios atascos donde la escena seguía activa, pero la interfaz caía en decisiones pobres o genéricas. Menos ""Continuar"" porque sí, más opciones con intención real.
- **🧬 Creación de personaje y ambientaciones más fiables**
  - La creación aleatoria de personaje vuelve a ser más estable y respeta mejor el formato biográfico que espera el juego.
  - He ajustado varias incoherencias de ambientación y recursos para que cyberpunk, fantasía y sus derivados no se mezclen como si una taberna medieval y un quirófano clandestino hubieran decidido alquilar el mismo local.","Mundos compartidos, incorporación y combate más coherentes"
finnish,"- **🌍 Selvästi järkevämpiä yhteisiä maailmoja**
  - Olen parantanut jatkuvuutta, kun useampi hahmo jakaa saman maailman. Nyt peli hyödyntää paremmin jo olemassa olevia paikkoja ja jättää vähemmän tilaa mielikuvituksellisille ""samalle alueelle eri nimellä ja eri hatulla"".
  - Olen myös korjannut sijaintitietoja valitsimessa ja hahmokortissa, jotta jokainen hahmo näyttää todellisen sijaintinsa eikä naapurin lainaamaansa.
- **👥 Johdonmukaisemmat NPC:t ja vähemmän kaksoisolentoja**
  - Olen vahvistanut logiikkaa niin, että jo olemassa oleva NPC ilmestyy takaisin omana itsenään silloin kun sen pitäisi, sen sijaan että se keksittäisiin uudelleen eri nimellä, eri kasvoilla tai sumusta ilmestyneenä uutena korttina.
  - Lisäksi hahmon aiheuttaman vihamielisyyden ei pitäisi enää maagisesti levitä kaikkiin muihin. Jos Kaelen suuttuu sinulle, ideana on, että hän suuttuu sinulle... ei koko ihmislajille.
- **🎬 Vähemmän outoa teatteria aloituksissa ja tutkimusmatkoilla**
  - Olen korjannut useita tapauksia, joissa kerronta antoi ymmärtää jonkun olevan edessäsi, mutta järjestelmä ei tukenut sitä. Nyt on vähemmän kummitusmyyjiä, vähemmän haihtuneita keskustelukumppaneita ja vähemmän kohtauksia, jotka muistuttavat budjetiltaan köyhää kokeellista näytelmää.
  - Olen myös vähentänyt tapauksia, joissa tekoäly ujutti lahjoja, varastoa tai tarinallisia esineitä vääriin paikkoihin, erityisesti saapumis- ja alkukohtauksissa.
- **⚔️ Vähemmän kompasteluja taistelussa ja päätöksissä**
  - Olen vahvistanut jatkuvuutta tutkimisen ja taistelun välillä, jotta taisteluun siirtyminen riippuu paremmin todella läsnä olevista NPC:istä eikä tarinallisesta savusta.
  - Olen myös korjannut useita jumituksia, joissa kohtaus jatkui, mutta käyttöliittymä päätyi huonoihin tai yleisiin päätöksiin. Vähemmän ""Jatka"" ilman syytä, enemmän todellisia ja tarkoituksellisia valintoja.
- **🧬 Luotettavampi hahmonluonti ja ympäristöt**
  - Hahmon satunnainen luonti on taas vakaampi ja kunnioittaa paremmin pelin odottamaa elämäkertamuotoa.
  - Olen korjannut useita ympäristö- ja resurssien epäjohdonmukaisuuksia, jotta cyberpunk, fantasia ja niiden johdannaiset eivät sekoitu kuin keskiaikainen taverna ja salainen leikkaussali olisivat vuokranneet saman tilan.","Yhteisemmät maailmat, johdonmukaisempi perehdytys ja taistelu"
french,"- **🌍 Mondes partagés beaucoup plus sensés**
  - J'ai amélioré la continuité lorsque plusieurs personnages partagent le même monde. Le jeu réutilise désormais mieux les lieux déjà valides et laisse moins de place à l'invention de « la même zone, mais avec un autre nom et un autre chapeau ».
  - J'ai également corrigé les informations de localisation dans le sélecteur et sur la fiche, afin que chaque personnage affiche sa localisation réelle et non celle d'un voisin.
- **👥 PNJ plus cohérents et moins sujets au dédoublement**
  - J'ai renforcé la logique afin qu'un PNJ déjà existant réapparaisse en tant que lui-même lorsque cela est approprié, au lieu de se réinventer avec un autre nom, un autre visage ou une nouvelle carte sortie du néant.
  - De plus, une inimitié provoquée par un personnage ne devrait plus contaminer tous les autres par magie. Si Kaelen est en colère contre vous, l'idée est qu'il soit en colère contre vous... pas contre l'espèce humaine entière.
- **🎬 Entrées de partie et exploration avec moins de théâtre étrange**
  - J'ai corrigé plusieurs cas où la narration insinuait que quelqu'un était devant vous, mais que le système ne le soutenait pas en arrière-plan. Il y a désormais moins de marchands fantômes, moins d'interlocuteurs évaporés et moins de scènes qui ressemblent à une pièce expérimentale sans budget.
  - J'ai également réduit les cas où l'IA plaçait des cadeaux, des stocks ou des objets narratifs là où ils n'avaient pas leur place, en particulier lors des arrivées et des premières scènes.
- **⚔️ Combat et décisions avec moins de faux pas**
  - J'ai renforcé la continuité entre l'exploration et le combat afin que l'entrée en combat dépende mieux des PNJ réellement présents et non d'une fumée narrative.
  - J'ai également corrigé plusieurs blocages où la scène restait active, mais où l'interface tombait sur des décisions médiocres ou génériques. Moins de « Continuer » pour le plaisir, plus d'options avec une intention réelle.
- **🧬 Création de personnage et ambiances plus fiables**
  - La création aléatoire de personnage est de nouveau plus stable et respecte mieux le format biographique attendu par le jeu.
  - J'ai ajusté plusieurs incohérences d'ambiance et de ressources afin que le cyberpunk, la fantasy et leurs dérivés ne se mélangent pas comme si une taverne médiévale et un bloc opératoire clandestin avaient décidé de louer le même local.","Mondes partagés, onboarding et combat plus cohérents"
hungarian,"- **🌍 Sokkal értelmesebb megosztott világok**
  - Javítottam a folytonosságot, amikor több karakter osztozik ugyanazon a világon. A játék most jobban újrahasznosítja a már érvényes helyszíneket, és kisebb teret enged az „ugyanaz a terület, csak más névvel és más kalappal” jelenségnek.
  - Javítottam a helyszíninformációkat is a kiválasztóban és az adatlapokon, így minden karakter a saját valós tartózkodási helyét mutatja, nem a szomszéd kölcsönbe adottját.
- **👥 Koherensebb NPC-k és kevésbé hajlamosak kettőződésre**
  - Megerősítettem a logikát, hogy egy már létező NPC akkor jelenjen meg újra önmagaként, amikor kell, ahelyett, hogy új névvel, új arccal vagy a ködből előkerült új kártyával újulna meg.
  - Ezenkívül egy karakter által kiváltott ellenségeskedés már nem fertőz meg varázslatos módon mindenkit. Ha Kaelen megharagszik rád, az az elképzelés, hogy rád haragszik... nem az egész emberi fajra.
- **🎬 Kevesebb furcsa színházi előadás indítás és felfedezés**
  - Javítottam több olyan esetet, amikor a narráció azt sugallta, hogy valaki előtted áll, de a rendszer nem támasztotta alá. Most kevesebb a kísértetárus, kevesebb az eltűnő beszélgetőpartner és kevesebb a nem költségvetésű kísérleti színdarabnak tűnő jelenet.
  - Csökkentettem azokat az eseteket is, amikor az AI nem odaillő ajándékokat, készleteket vagy narratív tárgyakat dobott be, különösen az érkezésekkor és az első jelenetekben.
- **⚔️ Kevésbé akadozó harc és döntések**
  - Megerősítettem a felfedezés és a harc közötti folytonosságot, hogy a harcba lépés jobban függjön a valóban jelenlévő NPC-ktől, és ne narratív füsttől.
  - Javítottam több olyan megrekedést is, ahol a jelenet tovább futott, de az interfész rossz vagy általános döntésekbe esett. Kevesebb a „Folytatás” csak úgy, több a valódi szándékú opció.
- **🧬 Megbízhatóbb karakteralkotás és környezetek**
  - A véletlenszerű karakteralkotás ismét stabilabb lett, és jobban tiszteletben tartja a játék által elvárt életrajzi formátumot.
  - Beállítottam több környezeti és erőforrásbeli inkonzisztenciát, hogy a cyberpunk, a fantasy és azok származékai ne keveredjenek úgy, mintha egy középkori kocsmát és egy illegális sebészeti rendelőt béreltek volna ugyanazt a helyet.","Koherensebb megosztott világok, onboarding és harc"
indonesian,"- **🌍 Dunia bersama yang jauh lebih masuk akal**
  - Saya telah meningkatkan kontinuitas ketika beberapa karakter berbagi dunia yang sama. Permainan sekarang memanfaatkan lokasi yang sudah valid dengan lebih baik dan menyisakan lebih sedikit ruang untuk ""zona yang sama, tetapi dengan nama dan topi yang berbeda"".
  - Saya juga telah memperbaiki informasi lokasi di pemilih dan di kartu karakter, sehingga setiap karakter menampilkan lokasi sebenarnya dan bukan pinjaman dari tetangga.
- **👥 NPC yang lebih koheren dan tidak mudah terpecah belah**
  - Saya telah memperkuat logika sehingga NPC yang sudah ada akan muncul kembali sebagai dirinya sendiri ketika waktunya tepat, alih-alih diciptakan kembali dengan nama lain, wajah lain, atau kartu baru yang muncul dari kabut.
  - Selain itu, permusuhan yang disebabkan oleh satu karakter seharusnya tidak lagi secara ajaib mencemari semua orang. Jika Kaelen marah padamu, idenya adalah dia marah padamu... bukan pada seluruh umat manusia.
- **🎬 Entri awal dan eksplorasi dengan lebih sedikit teater aneh**
  - Saya telah memperbaiki beberapa kasus di mana narasi menyiratkan bahwa seseorang ada di depan Anda, tetapi sistem tidak mendukungnya di bawahnya. Sekarang ada lebih sedikit pedagang hantu, lebih sedikit lawan bicara yang menguap, dan lebih sedikit adegan yang tampak seperti drama eksperimental tanpa anggaran.
  - Saya juga telah mengurangi kasus di mana AI menyusupkan hadiah, stok, atau item naratif di tempat yang tidak seharusnya, terutama saat kedatangan dan adegan awal.
- **⚔️ Pertempuran dan keputusan dengan lebih sedikit hambatan**
  - Saya telah memperkuat kontinuitas antara eksplorasi dan pertempuran sehingga masuk ke dalam pertarungan lebih baik bergantung pada NPC yang benar-benar ada dan bukan asap naratif.
  - Saya juga telah memperbaiki beberapa kemacetan di mana adegan masih aktif, tetapi antarmuka menghasilkan keputusan yang buruk atau umum. Lebih sedikit ""Lanjutkan"" begitu saja, lebih banyak pilihan dengan niat sebenarnya.
- **🧬 Pembuatan karakter dan pengaturan yang lebih andal**
  - Pembuatan karakter acak sekarang lebih stabil dan menghormati format biografis yang diharapkan permainan dengan lebih baik.
  - Saya telah menyesuaikan beberapa inkonsistensi pengaturan dan sumber daya sehingga cyberpunk, fantasi, dan turunannya tidak bercampur seolah-olah sebuah kedai minum abad pertengahan dan ruang operasi ilegal telah memutuskan untuk menyewa tempat yang sama.","Dunia bersama, onboarding, dan pertempuran yang lebih koheren"
italian,"- **🌍 Mondi condivisi molto più sensati**
  - Ho migliorato la continuità quando più personaggi condividono lo stesso mondo. Ora il gioco riutilizza meglio luoghi già validi e lascia meno spazio all'invenzione di ""stessa zona, ma con un altro nome e un altro cappello"".
  - Ho anche corretto le informazioni sulla posizione nel selettore e nella scheda, in modo che ogni personaggio mostri la sua reale localizzazione e non una prestata dal vicino.
- **👥 PNG più coerenti e meno inclini al doppio gioco**
  - Ho rafforzato la logica in modo che un PNG già esistente riappaia come se stesso quando necessario, invece di reinventarsi con un altro nome, un'altra faccia o una nuova carta uscita dalla nebbia.
  - Inoltre, un'inimicizia provocata da un personaggio non dovrebbe più contaminare magicamente tutti gli altri. Se Kaelen si arrabbia con te, l'idea è che si arrabbi con te... non con l'intera specie umana.
- **🎬 Ingressi di gioco ed esplorazione con meno teatro strano**
  - Ho corretto diversi casi in cui la narrazione insinuava che qualcuno fosse davanti a te, ma il sistema non lo supportava sottostantemente. Ora ci sono meno venditori fantasma, meno interlocutori evaporati e meno scene che sembrano un'opera sperimentale a basso budget.
  - Ho anche ridotto i casi in cui l'IA inseriva regali, scorte o oggetti narrativi dove non c'entravano, specialmente negli arrivi e nelle prime scene.
- **⚔️ Combattimento e decisioni con meno inciampi**
  - Ho rafforzato la continuità tra esplorazione e combattimento in modo che l'entrata in battaglia dipenda meglio da PNG realmente presenti e non da fumo narrativo.
  - Ho anche corretto diversi blocchi in cui la scena rimaneva attiva, ma l'interfaccia cadeva in decisioni povere o generiche. Meno ""Continua"" perché sì, più opzioni con un intento reale.
- **🧬 Creazione del personaggio e ambientazioni più affidabili**
  - La creazione casuale del personaggio è di nuovo più stabile e rispetta meglio il formato biografico che il gioco si aspetta.
  - Ho corretto diverse incoerenze di ambientazione e risorse in modo che cyberpunk, fantasy e i loro derivati non si mescolino come se una taverna medievale e un ospedale clandestino avessero deciso di affittare lo stesso locale.","Mondi condivisi, onboarding e combattimento più coerenti"
japanese,"- **🌍 より的確になった共有ワールド**
  - 複数のキャラクターが同じワールドを共有する際の連続性を改善しました。ゲームは有効な場所をより効率的に再利用するようになり、「同じエリアだが名前と帽子が違う」といった状況が起こりにくくなりました。
  - また、セレクターとプロフィール画面の場所情報を修正し、各キャラクターが借り物の場所ではなく、実際の現在地を表示するようにしました。
- **👥 より一貫性があり、分裂しにくいNPC**
  - 既存のNPCが、新しい名前、顔、または霧の中から現れた新規カードではなく、本来の自分として再登場するロジックを強化しました。
  - さらに、あるキャラクターによって引き起こされた敵対関係が、魔法のように他の全員に影響を与えることはなくなりました。カレンがあなたに怒った場合、それはあなたに怒っているのであって、人類全体に怒っているわけではない、という想定です。
- **🎬 奇妙な演出の少ない開始イベントと探索**
  - 物語上、目の前に誰かがいると示唆されているにも関わらず、システムがそれを支えていないといったケースを複数修正しました。幽霊のような売り手、蒸発する会話相手、予算のない実験演劇のようなシーンが少なくなりました。
  - また、特に開始時や最初のシーンで、AIが不適切な場所にギフト、在庫、物語上のアイテムを配置してしまうケースを削減しました。
- **⚔️ つまずきが減った戦闘と決断**
  - 探索と戦闘の連続性を強化し、戦闘への突入が物語上の架空の存在ではなく、実際に存在するNPCに依存するようにしました。
  - また、シーンは続いているのに、インターフェースが貧弱または一般的な決断に陥ってしまうといった複数の行き詰まりを修正しました。理由もなく「続ける」のではなく、より意図のある選択肢が増えました。
- **🧬 信頼性の高いキャラクター作成と環境設定**
  - キャラクターのランダム作成がより安定し、ゲームが期待する伝記形式をより尊重するようになりました。
  - サイバーパンク、ファンタジー、およびそれらの派生系が、中世の酒場と違法な手術室が同じ場所を借りたかのように混ざり合わないよう、環境設定とリソースの矛盾をいくつか調整しました。",共有ワールド、オンボーディング、戦闘の一貫性向上
korean,"- **🌍 훨씬 더 합리적인 공유 월드**
  - 여러 캐릭터가 같은 월드를 공유할 때의 연속성을 개선했습니다. 이제 게임은 유효한 장소를 더 잘 재활용하고, ""같은 지역이지만 이름과 외형만 다른"" 식의 어색함을 줄입니다.
  - 또한 셀렉터와 프로필의 위치 정보를 수정하여 각 캐릭터가 이웃의 위치가 아닌 실제 위치를 표시하도록 했습니다.
- **👥 더 일관되고 분열되지 않는 NPC**
  - 기존 NPC가 다시 자신으로 등장하는 로직을 강화했습니다. 이름, 얼굴, 또는 안개 속에서 나온 새 카드로 재창조되는 대신, 적절한 시점에 자신으로 다시 나타납니다.
  - 또한, 한 캐릭터로 인해 발생한 적대감이 다른 모든 캐릭터에게 마법처럼 오염되지 않도록 했습니다. Kaelen이 당신에게 화를 낸다면, 그것은 인간 전체가 아닌 당신에게 화를 내는 것입니다.
- **🎬 덜 이상한 연극 같은 시작 장면 및 탐험**
  - 당신 앞에 누군가가 있는 것처럼 암시했지만 시스템은 이를 뒷받침하지 못했던 여러 경우를 수정했습니다. 이제 유령 판매원, 증발하는 대화 상대, 예산 없는 실험 연극 같은 장면이 줄어듭니다.
  - 또한 AI가 특히 시작 장면이나 첫 장면에서, 부적절한 곳에 선물, 재고 또는 내러티브 아이템을 배치하는 경우를 줄였습니다.
- **⚔️ 덜 걸리는 전투 및 결정**
  - 탐험과 전투 간의 연속성을 강화하여, 전투 시작이 내러티브적인 연기보다는 실제로 존재하는 NPC에 더 잘 의존하도록 했습니다.
  - 또한 장면은 계속 진행되지만 인터페이스는 잘못되거나 일반적인 결정으로 빠지는 여러 막힘 현상을 수정했습니다. 이유 없는 ""계속""보다는 실제 의도가 있는 옵션을 더 많이 제공합니다.
- **🧬 더 신뢰할 수 있는 캐릭터 생성 및 배경 설정**
  - 랜덤 캐릭터 생성이 다시 더 안정적으로 작동하고 게임에서 기대하는 전기의 형식을 더 잘 존중합니다.
  - 사이버펑크, 판타지 및 파생 장르가 중세 술집과 불법 수술실이 같은 장소를 임대한 것처럼 섞이지 않도록 여러 배경 및 자원 불일치를 조정했습니다.","더 일관된 공유 월드, 온보딩 및 전투"
dutch,"- **🌍 Gedeelde werelden een stuk logischer**
  - De continuïteit is verbeterd wanneer meerdere personages dezelfde wereld delen. De game hergebruikt nu bestaande locaties beter en laat minder ruimte voor het verzinnen van ""dezelfde zone, maar dan met een andere naam en een andere hoed"".
  - Ook de locatie-informatie in de selector en op de profielkaart is gecorrigeerd, zodat elk personage zijn werkelijke locatie toont en niet die van de buurman.
- **👥 Logischere NPC's en minder geneigd tot splitsing**
  - De logica is versterkt, zodat een reeds bestaande NPC weer als zichzelf verschijnt wanneer het tijd is, in plaats van zichzelf opnieuw uit te vinden met een andere naam, een ander gezicht of een nieuwe kaart die uit de mist tevoorschijn komt.
  - Bovendien zou een vijandigheid die door een personage is veroorzaakt, niet langer magisch alle anderen moeten besmetten. Als Kaelen boos op je wordt, is het de bedoeling dat hij boos op jou wordt... niet op de hele mensheid.
- **🎬 Startscènes en verkenning met minder rare capriolen**
  - Verschillende gevallen zijn gecorrigeerd waarbij de vertelling suggereerde dat iemand voor je stond, maar het systeem dit niet ondersteunde. Er zijn nu minder spookverkopers, minder verdwijnende gesprekspartners en minder scènes die lijken op een experimenteel toneelstuk met een beperkt budget.
  - Ook is het aantal gevallen verminderd waarbij de AI cadeaus, voorraad of narratieve items op onbedoelde plekken plaatste, vooral bij aankomsten en eerste scènes.
- **⚔️ Gevechten en beslissingen met minder struikelblokken**
  - De continuïteit tussen verkenning en gevechten is versterkt, zodat het starten van een gevecht beter afhangt van daadwerkelijk aanwezige NPC's en niet van narratieve rookgordijnen.
  - Verschillende vastlopers zijn ook gecorrigeerd waarbij de scène bleef draaien, maar de interface verviel in slechte of generieke keuzes. Minder ""Ga door"" omwille van het 'ga door', meer opties met echte intentie.
- **🧬 Betrouwbaardere personagecreatie en settings**
  - Willekeurige personagecreatie is weer stabieler en respecteert het biografische formaat dat de game verwacht beter.
  - Verschillende incoherenties in settings en middelen zijn aangepast, zodat cyberpunk, fantasy en hun afgeleiden niet vermengd worden alsof een middeleeuwse taverne en een clandestiene operatiekamer besloten hadden dezelfde ruimte te huren.","Gedeelde werelden, onboarding en gevechten logischer"
norwegian,"- **🌍 Mer fornuftige delte verdener**
  - Jeg har forbedret kontinuiteten når flere karakterer deler samme verden. Spillet gjenbruker nå bedre eksisterende steder og gir mindre rom for å finne opp «samme område, bare med et annet navn og hatt».
  - Jeg har også korrigert plasseringsinformasjon i velgeren og på profilen, slik at hver karakter viser sin virkelige plassering og ikke en som er lånt fra naboen.
- **👥 Mer sammenhengende NPC-er og mindre tilbøyelighet til dobbelgjengere**
  - Jeg har styrket logikken slik at en eksisterende NPC dukker opp igjen som seg selv når det er meningen, i stedet for å finne opp en ny med et annet navn, et annet ansikt eller et nytt kort som dukker opp fra intet.
  - Dessuten burde en fiendtlighet forårsaket av én karakter ikke lenger «smitte» til alle andre magisk. Hvis Kaelen blir sint på deg, er meningen at hun skal bli sint på deg… ikke på hele menneskeheten.
- **🎬 Oppstart og utforskning med mindre rar teater**
  - Jeg har korrigert flere tilfeller der fortellingen antydet at noen sto foran deg, men systemet ikke støttet det under. Nå er det færre spøkelsesselgere, færre forsvinnende samtalepartnere og færre scener som virker som et lavbudsjetts eksperimentelt teaterstykke.
  - Jeg har også redusert tilfeller der AI-en plasserte gaver, lager eller narrative gjenstander der de ikke hørte hjemme, spesielt ved ankomster og innledende scener.
- **⚔️ Mer feilfri kamp og avgjørelser**
  - Jeg har styrket kontinuiteten mellom utforskning og kamp slik at inngangen til kamp i bedre grad avhenger av faktisk tilstedeværende NPC-er og ikke av narrativ røyk.
  - Jeg har også korrigert flere hikke der scenen fortsatte, men grensesnittet falt inn i dårlige eller generiske avgjørelser. Mindre «Fortsett» bare for å fortsette, mer valg med reell intensjon.
- **🧬 Mer pålitelig karakteropprettelse og miljøer**
  - Tilfeldig karakteropprettelse er mer stabil igjen og respekterer bedre det biografiske formatet spillet forventer.
  - Jeg har justert flere inkonsekvenser i miljø og ressurser slik at cyberpunk, fantasi og deres derivater ikke blandes som om en middelaldersk taverna og en hemmelig operasjonssal hadde bestemt seg for å leie samme lokale.","Mer sammenhengende delte verdener, onboarding og kamp"
polish,"**🌍 Znacznie sensowniejsze wspólne światy**
  - Poprawiono ciągłość sytuacji, gdy wielu bohaterów dzieli ten sam świat. Gra teraz lepiej wykorzystuje już istniejące lokacje i zostawia mniej miejsca na tworzenie „tej samej strefy, ale pod inną nazwą i z innym kapeluszem”.
  - Poprawiono również informacje o lokalizacji w selektorze i na karcie postaci, aby każdy bohater pokazywał swoje rzeczywiste położenie, a nie pożyczone od sąsiada.
- **👥 Bardziej spójni NPC-e i mniej skłonni do podwójnego odradzania się**
  - Wzmocniono logikę, aby istniejący NPC pojawiał się ponownie jako ta sama postać, gdy jest to wymagane, zamiast odradzać się pod innym imieniem, z inną twarzą lub jako nowa karta wyłaniająca się z mgły.
  - Ponadto, wrogość wywołana przez jedną postać nie powinna już magicznie przenosić się na wszystkich innych. Jeśli Kaelen jest na ciebie zły, ma być zły na ciebie... a nie na cały gatunek ludzki.
- **🎬 Wejścia do gry i eksploracja z mniejszą ilością dziwacznych teatrów**
  - Naprawiono kilka przypadków, w których narracja sugerowała, że ktoś stał przed tobą, ale system tego nie podtrzymywał. Teraz jest mniej widmowych sprzedawców, mniej ewaporujących rozmówców i mniej scen przypominających niskobudżetową sztukę eksperymentalną.
  - Zredukowano również przypadki, w których SI umieszczała prezenty, zapasy lub elementy narracyjne tam, gdzie nie powinny się pojawić, zwłaszcza podczas wejść do gry i pierwszych scen.
- **⚔️ Walka i decyzje z mniejszą ilością potknięć**
  - Wzmocniono ciągłość między eksploracją a walką, aby rozpoczęcie potyczki lepiej zależało od faktycznie obecnych NPC-ów, a nie od narracyjnych mgieł.
  - Naprawiono również kilka zacięć, w których scena nadal trwała, ale interfejs prezentował słabe lub generyczne decyzje. Mniej „Kontynuuj” bez powodu, więcej opcji z realnym zamysłem.
- **🧬 Tworzenie postaci i otoczenie - bardziej wiarygodne**
  - Losowe tworzenie postaci jest ponownie bardziej stabilne i lepiej respektuje format biograficzny oczekiwany przez grę.
  - Dostosowano kilka niespójności w otoczeniu i zasobach, aby cyberpunk, fantasy i ich pochodne nie mieszały się, jakby średniowieczna tawerna i nielegalna klinika postanowiły wynająć ten sam lokal.","Wspólne światy, onboarding i walka - bardziej spójne"
portuguese,"- **🌍 Mundos compartilhados bem mais sensatos**
  - Melhorei a continuidade quando vários personagens compartilham o mesmo mundo. Agora o jogo reaproveita melhor locais já válidos e deixa menos margem para inventar ""a mesma zona, mas com outro nome e outro chapéu"".
  - Também corrigi a informação de localização no seletor e na ficha, para que cada personagem mostre sua localização real e não uma emprestada do vizinho.
- **👥 NPCs mais coerentes e menos propensos ao desdobramento**
  - Reforcei a lógica para que um NPC já existente reapareça como ele mesmo quando deve, em vez de se reinventar com outro nome, outra cara ou uma nova carta surgida da névoa.
  - Além disso, uma inimizade provocada por um personagem não deveria mais contaminar todos os outros por arte de magia. Se Kaelen fica bravo com você, a ideia é que ele fique bravo com você... não com a espécie humana inteira.
- **🎬 Entradas de partida e exploração com menos teatro bizarro**
  - Corrigi vários casos em que a narrativa insinuava que alguém estava à sua frente, mas o sistema não o sustentava por baixo. Agora há menos vendedores fantasmas, menos interlocutores evaporados e menos cenas que parecem uma obra experimental sem orçamento.
  - Também reduzi casos em que a IA colocava presentes, estoque ou itens narrativos onde não devia, especialmente nas chegadas e primeiras cenas.
- **⚔️ Combate e decisões com menos tropeços**
  - Reforcei a continuidade entre exploração e combate para que a entrada na briga dependa melhor de NPCs realmente presentes e não de fumaça narrativa.
  - Também corrigi vários impasses onde a cena continuava ativa, mas a interface caía em decisões ruins ou genéricas. Menos ""Continuar"" sem motivo, mais opções com intenção real.
- **🧬 Criação de personagem e ambientações mais confiáveis**
  - A criação aleatória de personagem volta a ser mais estável e respeita melhor o formato biográfico que o jogo espera.
  - Ajustei várias inconsistências de ambientação e recursos para que cyberpunk, fantasia e seus derivados não se misturem como se uma taverna medieval e um centro cirúrgico clandestino tivessem decidido alugar o mesmo local.","Mundos compartilhados, onboarding e combate mais coerentes"
romanian,"- **🌍 Lumi partajate mult mai sensate**
  - Am îmbunătățit continuitatea atunci când mai multe personaje partajează aceeași lume. Jocul refolosește acum mai bine locațiile deja valide și lasă mai puțin loc pentru a inventa „aceeași zonă, dar cu alt nume și alt pălărie”.
  - Am corectat, de asemenea, informațiile despre locație în selector și pe fișă, astfel încât fiecare personaj să își afișeze locația reală și nu una împrumutată de la vecin.
- **👥 NPC-uri mai coerente și mai puțin predispuse la dublare**
  - Am întărit logica pentru ca un NPC existent să reapară ca el însuși atunci când este cazul, în loc să se reinventeze cu alt nume, altă față sau o carte nouă ieșită din ceață.
  - În plus, o dușmănie provocată de un personaj nu ar trebui să îi contamineze pe toți ceilalți prin magie. Dacă Kaelen se supără pe tine, ideea este să se supere pe tine... nu pe întreaga specie umană.
- **🎬 Intrări în joc și explorare cu mai puțin teatru ciudat**
  - Am corectat mai multe cazuri în care narațiunea sugera că cineva era în fața ta, dar sistemul nu o susținea. Acum există mai puțini vânzători fantomatici, mai puțini interlocutori evaporați și mai puține scene care par o piesă experimentală fără buget.
  - Am redus, de asemenea, cazurile în care AI-ul introducea cadouri, stocuri sau obiecte narative unde nu era cazul, în special la sosiri și în scenele de început.
- **⚔️ Luptă și decizii cu mai puține poticneli**
  - Am întărit continuitatea dintre explorare și luptă, astfel încât intrarea în luptă să depindă mai bine de NPC-urile efectiv prezente și nu de fum narativ.
  - Am corectat, de asemenea, mai multe blocaje în care scena continua să ruleze, dar interfața cădea în decizii slabe sau generice. Mai puțin „Continuă” de dragul continuării, mai multe opțiuni cu intenție reală.
- **🧬 Creare de personaje și ambientări mai fiabile**
  - Crearea aleatorie de personaje este din nou mai stabilă și respectă mai bine formatul biografic pe care îl așteaptă jocul.
  - Am ajustat mai multe inconsecvențe de ambientare și resurse, astfel încât cyberpunk, fantezie și derivatele lor să nu se amestece ca și cum o tavernă medievală și un cabinet clandestin ar fi decis să închirieze același spațiu.","Lumi mai coerente, onboarding și luptă"
russian,"- **🌍 Более разумные общие миры**
  - Я улучшил связность, когда несколько персонажей делят один и тот же мир. Теперь игра лучше использует уже существующие локации и оставляет меньше места для изобретения «той же зоны, но с другим именем и другой шляпой».
  - Я также исправил информацию о местоположении в селекторе и профиле, чтобы каждый персонаж отображал свое реальное местоположение, а не заимствованное у соседа.
- **👥 Более последовательные и менее склонные к раздвоению личности NPC**
  - Я усилил логику, чтобы существующий NPC снова появлялся как сам собой, когда это необходимо, вместо того, чтобы изобретать себя заново с другим именем, лицом или новой карточкой, появившейся из ниоткуда.
  - Кроме того, вражда, вызванная одним персонажем, больше не должна магическим образом затрагивать всех остальных. Если Каэлен злится на вас, идея в том, чтобы он злился на вас... а не на весь человеческий род.
- **🎬 Меньше странного театра в начале игры и исследовании**
  - Я исправил несколько случаев, когда повествование намекало, что кто-то перед вами, но система не поддерживала это. Теперь меньше призрачных торговцев, меньше испаряющихся собеседников и меньше сцен, похожих на экспериментальную постановку с нулевым бюджетом.
  - Я также сократил количество случаев, когда ИИ вставлял подарки, товары или сюжетные предметы не туда, куда следует, особенно при входе и в первых сценах.
- **⚔️ Меньше спотыканий в бою и решениях**
  - Я усилил связь между исследованием и боем, чтобы начало сражения лучше зависело от реально присутствующих NPC, а не от повествовательного тумана.
  - Я также исправил несколько затыков, когда сцена продолжалась, но интерфейс приводил к плохим или общим решениям. Меньше «Продолжить» просто так, больше вариантов с реальным намерением.
- **🧬 Более надежное создание персонажей и атмосфера**
  - Случайное создание персонажей снова стало более стабильным и лучше соответствует биографическому формату, который ожидает игра.
  - Я исправил несколько несоответствий в атмосфере и ресурсах, чтобы киберпанк, фэнтези и их производные не смешивались так, как будто средневековая таверна и подпольная операционная решили арендовать одно и то же помещение.","Общие миры, обучение и более последовательный бой"
swedish,"- **🌍 Delade världar som fungerar bättre**
  - Jag har förbättrat kontinuiteten när flera karaktärer delar samma värld. Spelet återanvänder nu befintliga platser bättre och minskar risken för att skapa ""samma zon, men med ett annat namn och en annan hatt"".
  - Jag har också korrigerat platsinformationen i väljaren och på karaktärssidan, så att varje karaktär visar sin verkliga position och inte en som tillhör grannen.
- **👥 Mer konsekventa och mindre splittrade NPC:er**
  - Jag har förstärkt logiken så att en befintlig NPC dyker upp igen som sig själv när det är dags, istället för att återuppfinnas med ett nytt namn, ett nytt ansikte eller ett nytt kort som dykt upp ur dimman.
  - Dessutom borde en fiendskap orsakad av en karaktär inte längre magiskt smitta av sig på alla andra. Om Kaelen blir arg på dig, är tanken att hon ska vara arg på dig... inte på hela mänskligheten.
- **🎬 Startsekvenser och utforskning med mindre konstigt skådespel**
  - Jag har korrigerat flera fall där berättelsen antydde att någon stod framför dig, men systemet inte kunde stödja det. Nu finns det färre spökförsäljare, färre försvinnande samtalspartners och färre scener som känns som ett budgetexperiment.
  - Jag har också minskat antalet fall där AI:n placerade gåvor, lager eller narrativt innehåll där det inte hörde hemma, särskilt vid ankomster och i tidiga scener.
- **⚔️ Mer pålitlig strid och beslut**
  - Jag har förstärkt kopplingen mellan utforskning och strid så att inledandet av strid bättre beror på faktiskt närvarande NPC:er och inte på narrativ rökridå.
  - Jag har också korrigerat flera låsningar där scenen fortsatte att vara aktiv, men gränssnittet fastnade i dåliga eller generiska beslut. Mindre ""Fortsätt"" bara för sakens skull, fler alternativ med verklig mening.
- **🧬 Mer pålitlig karaktärsskapande och miljöer**
  - Slumpmässig karaktärsskapande är nu stabilare igen och respekterar bättre det biografiska format som spelet förväntar sig.
  - Jag har justerat flera inkonsekvenser i miljöer och resurser så att cyberpunk, fantasy och deras derivat inte blandas som om en medeltida taverna och en hemlig operationssal hade beslutat sig för att hyra samma lokal.","Delade världar, mer konsekvent onboarding och strid"
thai,"- **🌍 โลกที่ใช้ร่วมกันที่สมเหตุสมผลมากขึ้น**
  - ฉันได้ปรับปรุงความต่อเนื่องเมื่อตัวละครหลายตัวใช้โลกเดียวกัน ตอนนี้เกมสามารถนำสถานที่ที่ถูกต้องกลับมาใช้ใหม่ได้ดีขึ้น และมีช่องว่างน้อยลงสำหรับการสร้าง ""โซนเดียวกัน แต่มีชื่ออื่นและหมวกอื่น""
  - ฉันยังได้แก้ไขข้อมูลตำแหน่งในตัวเลือกและรายละเอียด เพื่อให้ตัวละครแต่ละตัวแสดงตำแหน่งจริงของตนเอง ไม่ใช่ตำแหน่งที่ยืมมาจากเพื่อนบ้าน
- **👥 NPC ที่สอดคล้องกันมากขึ้น และลดการแยกตัว**
  - ฉันได้เสริมความแข็งแกร่งให้กับตรรกะเพื่อให้ NPC ที่มีอยู่แล้วปรากฏตัวอีกครั้งในฐานะตัวเองเมื่อถึงเวลา แทนที่จะสร้างใหม่ด้วยชื่ออื่น ใบหน้าอื่น หรือการ์ดใหม่ที่ลอยออกมาจากหมอก
  - นอกจากนี้ ความบาดหมางที่เกิดจากตัวละครจะไม่ควรส่งผลกระทบต่อผู้อื่นทั้งหมดอย่างมหัศจรรย์อีกต่อไป หาก Kaelen โกรธคุณ แนวคิดคือเขาจะโกรธคุณ... ไม่ใช่เผ่ามนุษย์ทั้งหมด
- **🎬 การเริ่มต้นและสำรวจโดยมีการแสดงที่แปลกประหลาดน้อยลง**
  - ฉันได้แก้ไขหลายกรณีที่การบรรยายบอกเป็นนัยว่ามีคนอยู่ตรงหน้าคุณ แต่ระบบไม่รองรับอยู่เบื้องหลัง ตอนนี้มีผู้ขายที่ไม่มีตัวตนน้อยลง ผู้พูดที่หายไปน้อยลง และฉากที่ดูเหมือนละครทดลองที่ไม่มีงบประมาณน้อยลง
  - ฉันยังได้ลดกรณีที่ AI ใส่ของขวัญ สต็อก หรือไอเท็มตามเนื้อเรื่องผิดที่ โดยเฉพาะอย่างยิ่งในฉากเริ่มต้นและฉากแรก
- **⚔️ การต่อสู้และการตัดสินใจที่ติดขัดน้อยลง**
  - ฉันได้เสริมความแข็งแกร่งให้กับความต่อเนื่องระหว่างการสำรวจและการต่อสู้ เพื่อให้การเข้าสู่การต่อสู้ขึ้นอยู่กับ NPC ที่มีอยู่จริงมากขึ้น ไม่ใช่ควันตามเนื้อเรื่อง
  - ฉันยังได้แก้ไขหลายกรณีที่ฉากยังคงดำเนินอยู่ แต่ส่วนต่อประสานผู้ใช้ตกอยู่ในสถานการณ์ที่ต้องตัดสินใจที่แย่หรือไม่เฉพาะเจาะจง ""ดำเนินการต่อ"" แบบสุ่มน้อยลง ตัวเลือกที่มีความตั้งใจจริงมากขึ้น
- **🧬 การสร้างตัวละครและบรรยากาศที่น่าเชื่อถือมากขึ้น**
  - การสร้างตัวละครแบบสุ่มมีความเสถียรมากขึ้นและเคารพรูปแบบชีวประวัติที่เกมคาดหวังได้ดีขึ้น
  - ฉันได้ปรับปรุงความไม่สอดคล้องกันของบรรยากาศและทรัพยากรต่างๆ เพื่อให้ไซเบอร์พังก์ แฟนตาซี และสิ่งที่เกี่ยวข้องไม่ผสมปนเปกันราวกับว่าโรงเตี๊ยมยุคกลางและห้องผ่าตัดที่ผิดกฎหมายตัดสินใจเช่าพื้นที่เดียวกัน",โลกที่ใช้ร่วมกัน การเริ่มต้นใช้งาน และการต่อสู้ที่สอดคล้องกันมากขึ้น
turkish,"- **🌍 Oldukça Daha Mantıklı Paylaşılan Dünyalar**
  - Birden fazla karakter aynı dünyayı paylaştığında devamlılığı iyileştirdim. Oyun artık geçerli yerleri daha iyi yeniden kullanıyor ve ""aynı bölge, farklı isim ve şapkayla"" icat etmeye daha az yer bırakıyor.
  - Ayrıca seçicideki ve profildeki konum bilgilerini düzelttim, böylece her karakter komşusundan ödünç alınan değil, kendi gerçek konumunu gösteriyor.
- **👥 Daha Tutarlı ve Daha Az Parçalanan NPC'ler**
  - Mevcut bir NPC'nin zamanı geldiğinde, başka bir isim, yüz veya sisin içinden çıkan yeni bir kartla yeniden icat edilmek yerine, kendisi olarak yeniden görünmesi için mantığı güçlendirdim.
  - Ayrıca, bir karakter tarafından tetiklenen bir düşmanlığın artık sihirli bir şekilde diğerlerinin hepsini kirletmemesi gerekiyor. Kaelen sana kızarsa, tüm insan türüne kızması değil, sana kızması amaçlanıyor.
- **🎬 Daha Az Tuhaf Tiyatro İçeren Başlangıçlar ve Keşifler**
  - Birinin önünüzde olduğunu ima eden ancak sistemin bunu desteklemediği birkaç durumu düzelttim. Artık hayalet satıcılar, buharlaşan diyalog partnerleri ve bütçesiz deneysel bir oyun gibi görünen sahneler daha az.
  - Ayrıca, özellikle başlangıçlarda ve ilk sahnelerde, yapay zekanın hediyeleri, stokları veya anlatısal öğeleri yanlış yerlere yerleştirdiği durumları da azalttım.
- **⚔️ Daha Az Tökezleyen Savaş ve Kararlar**
  - Keşif ve savaş arasındaki devamlılığı güçlendirdim, böylece dövüşe giriş, anlatısal dumandan ziyade gerçekten mevcut NPC'lere daha iyi dayanıyor.
  - Ayrıca, sahnenin canlı kaldığı ancak arayüzün kötü veya genel kararlara düştüğü birkaç takılmayı düzelttim. Nedensiz yere ""Devam et"" yerine, gerçek niyeti olan daha fazla seçenek.
- **🧬 Daha Güvenilir Karakter Oluşturma ve Ortamlar**
  - Rastgele karakter oluşturma artık daha kararlı ve oyunun beklediği biyografik formata daha iyi uyuyor.
  - Siberpunk, fantezi ve bunların türevlerinin, ortaçağ bir han ile gizli bir ameliyathanenin aynı mekanı kiralamaya karar vermiş gibi karışmaması için ortam ve kaynak tutarsızlıklarını düzelttim.","Paylaşılan Dünyalar, Daha Tutarlı Başlangıçlar ve Savaş"
ukrainian,"- **🌍 Більш логічні спільні світи**
  - Покращено послідовність, коли кілька персонажів перебувають в одному світі. Тепер гра краще повторно використовує вже наявні локації та залишає менше місця для вигадування «однієї й тієї ж зони, але з іншою назвою та іншим капелюхом».
  - Також виправлено інформацію про розташування в селекторі та профілі, щоб кожен персонаж показував своє справжнє місцезнаходження, а не позичене у сусіда.
- **👥 Більш послідовні та менш схильні до роздвоєння NPC**
  - Посилено логіку, щоб існуючий NPC знову з'являвся як сам собою, коли це потрібно, замість того, щоб вигадувати себе з новою назвою, новим обличчям або новою карткою, що випливає з туману.
  - Крім того, ворожнеча, спричинена одним персонажем, більше не повинна магічним чином поширюватися на всіх інших. Якщо Каелен злиться на вас, то ця злість має бути спрямована на вас... а не на весь людський рід.
- **🎬 Менш дивні сюжетні вставки та дослідження**
  - Виправлено кілька випадків, коли оповідь натякала на присутність когось перед вами, але система не підтримувала це. Тепер менше фантомних продавців, менше зниклих співрозмовників та менше сцен, які виглядають як експериментальна п'єса без бюджету.
  - Також зменшено випадки, коли ШІ вставляв подарунки, товари або сюжетні предмети не там, де слід, особливо під час прибуття та в перших сценах.
- **⚔️ Менш спотикаючі бої та рішення**
  - Посилено послідовність між дослідженням та боєм, щоб вхід у бій краще залежав від реально присутніх NPC, а не від сюжетного туману.
  - Також виправлено кілька застрягань, коли сцена продовжувала існувати, але інтерфейс давав погані або загальні рішення. Менше «Продовжити» заради продовження, більше рішень із справжнім наміром.
- **🧬 Більш надійне створення персонажів та оточення**
  - Випадкове створення персонажів знову стало стабільнішим і краще дотримується біографічного формату, якого очікує гра.
  - Налаштовано кілька невідповідностей оточення та ресурсів, щоб кіберпанк, фентезі та їх похідні не змішувалися так, ніби середньовічна таверна та підпільний операційний блок вирішили орендувати одне й те саме приміщення.","Спільні світи, узгоджений онбординг та бої"
vietnamese,"- **🌍 Thế giới chung hợp lý hơn hẳn**
  - Tôi đã cải thiện tính liên tục khi nhiều nhân vật cùng chia sẻ một thế giới. Giờ đây, trò chơi tái sử dụng tốt hơn các địa điểm đã tồn tại và ít để lại khoảng trống để bịa ra “cùng một khu vực, nhưng với tên gọi khác và cái mũ khác”.
  - Tôi cũng đã sửa thông tin vị trí trong bộ chọn và hồ sơ, để mỗi nhân vật hiển thị vị trí thực tế của mình chứ không phải vị trí mượn của người hàng xóm.
- **👥 NPC mạch lạc hơn và ít bị phân thân**
  - Tôi đã củng cố logic để một NPC hiện có sẽ xuất hiện trở lại chính nó khi đến lúc, thay vì tự tạo ra với một cái tên khác, khuôn mặt khác hoặc một thẻ mới xuất hiện từ hư không.
  - Ngoài ra, sự thù địch do một nhân vật gây ra sẽ không còn lây lan sang tất cả những người khác một cách thần kỳ nữa. Nếu Kaelen tức giận với bạn, ý tưởng là cô ấy tức giận với bạn... chứ không phải với toàn bộ loài người.
- **🎬 Nhập cảnh và khám phá ít ""kịch"" kỳ quái hơn**
  - Tôi đã sửa nhiều trường hợp mà lời kể ám chỉ rằng có ai đó đang ở trước mặt bạn, nhưng hệ thống lại không hỗ trợ điều đó từ bên dưới. Giờ đây, có ít người bán hàng ma quái hơn, ít người đối thoại bốc hơi hơn và ít cảnh trông giống như một vở kịch thử nghiệm không có ngân sách.
  - Tôi cũng đã giảm thiểu các trường hợp AI chèn quà tặng, hàng tồn kho hoặc vật phẩm tường thuật vào những chỗ không phù hợp, đặc biệt là trong các cảnh đến và cảnh đầu tiên.
- **⚔️ Chiến đấu và quyết định ít vấp ngã hơn**
  - Tôi đã củng cố tính liên tục giữa khám phá và chiến đấu để việc tham gia chiến đấu phụ thuộc tốt hơn vào các NPC thực sự có mặt chứ không phải dựa vào khói tường thuật.
  - Tôi cũng đã sửa nhiều điểm kẹt nơi cảnh vẫn diễn ra, nhưng giao diện lại đưa ra các quyết định tồi tệ hoặc chung chung. Ít lựa chọn ""Tiếp tục"" vì đã xong, nhiều lựa chọn có ý định thực sự hơn.
- **🧬 Tạo nhân vật và bối cảnh đáng tin cậy hơn**
  - Tạo nhân vật ngẫu nhiên đã ổn định hơn và tôn trọng định dạng tiểu sử mà trò chơi mong đợi.
  - Tôi đã điều chỉnh nhiều sự không nhất quán về bối cảnh và tài nguyên để cyberpunk, giả tưởng và các thể loại phái sinh của chúng không bị trộn lẫn như thể một quán rượu thời trung cổ và một phòng phẫu thuật bí mật đã quyết định thuê cùng một địa điểm.","Thế giới chung, nhập cuộc và chiến đấu mạch lạc hơn"
schinese,"- **🌍 共享世界更加合理**
  - 改进了多个角色共享同一个世界时的连贯性。现在游戏能更好地重复利用已有的有效地点，减少了“同一个区域，换个名字和帽子”的情况。
  - 还修正了选择器和角色卡中的位置信息，让每个角色都显示其真实位置，而不是邻居的位置。
- **👥 更连贯、不易“分裂”的 NPC**
  - 加强了逻辑，让已存在的 NPC 在需要时能以自己的身份再次出现，而不是以另一个名字、另一张脸或凭空出现的新卡片重新出现。
  - 此外，一个角色引起的敌对关系不再会“魔法般”地污染所有其他人。如果凯伦对你不满，那么她应该对你不满……而不是对整个人类不满。
- **🎬 更少的奇怪“戏剧性”的开场和探索**
  - 修正了多种情况，过去叙事暗示某人就在你面前，但系统并不支持。现在幽灵般的商人、消失的对话者以及那些看起来像廉价实验剧的场景都减少了。
  - 还减少了 AI 在不恰当的地方（尤其是在进入游戏和初始场景中）塞入礼物、库存或叙事物品的情况。
- **⚔️ 更少“绊脚石”的战斗和决策**
  - 加强了探索和战斗之间的连贯性，让进入战斗更能依赖于实际存在的 NPC，而不是叙事上的“烟雾”。
  - 还修正了多个卡死的情况，当时场景仍在继续，但界面却陷入了糟糕或通用的决策。更少的“随便继续”，更多的有真实意图的选择。
- **🧬 更可靠的角色创建和设定**
  - 角色随机创建现在更加稳定，并能更好地遵循游戏期望的传记格式。
  - 调整了多种设定和资源上的不一致之处，让赛博朋克、奇幻及其衍生风格不会混杂在一起，就像一家中世纪酒馆和一家非法手术室决定租用同一处房产一样。",共享世界、新手引导和更连贯的战斗
tchinese,"- **🌍 更合乎逻辑的共享世界**
  - 我改进了多个角色共享同一世界时的连续性。现在游戏能更好地重复利用已有的有效地点，减少了“同一个区域，只是换个名字和外观”的情况。
  - 我还修正了选择器和角色卡上的位置信息，让每个角色都显示其真实位置，而不是借用邻居的位置。
- **👥 更连贯且不易“分裂”的 NPC**
  - 我加强了逻辑，确保已存在的 NPC 在该出现时能以其自身身份再次出现，而不是以另一个名字、另一副面孔或凭空出现的全新身份“复活”。
  - 此外，由某个角色引起的敌对关系不再应该“魔法般”地影响到所有其他角色。如果凯伦对你不满，那应该只是对你个人不满……而不是对整个人类种族。
- **🎬 更少奇怪“剧场化”的开场和探索**
  - 我修正了几个情况，在这些情况下，叙事暗示某人出现在你面前，但系统却无法支撑。现在“幽灵卖家”、“消失的对话者”以及像低成本实验剧一样的场景会大大减少。
  - 我还减少了 AI 在不恰当的地方（尤其是开场和早期场景）插入礼物、物品或叙事道具的情况。
- **⚔️ 更少“卡顿”的战斗和决策**
  - 我加强了探索与战斗之间的连续性，让进入战斗更能基于真正存在的 NPC，而非叙事上的“烟雾弹”。
  - 我还修正了几个卡死的情况，即场景仍在进行，但界面却陷入了糟糕或通用的选择。更少“随便继续”，更多真正有意义的选项。
- **🧬 更可靠的角色创建和世界设定**
  - 随机角色创建功能现在更加稳定，并能更好地遵循游戏期望的传记格式。
  - 我调整了各种世界设定和资源上的不一致之处，使赛博朋克、奇幻及其衍生风格不再混杂，就像一家中世纪酒馆和一家黑市手术室决定合租同一个地方。",共享世界、上手体验与更连贯的战斗
